<?xml version="1.0" encoding="UTF-8" standalone="no" ?>
<Application>

  <Header>
    <Version val="14081.00"/>
    <WithIsn val="Y"/>
    <Exe comp="-1"/>
    <LastIsn val="10"/>
    <LastIsnFolder val="0"/>
  </Header>

  <ComponentsRepository>
    <Components>
      <Component id="1" name="UserFunctionality">
        <Description val="Handles the Range, Locate, Sort and Print Data internal events"/>
        <ComponentType val="Magic xpa"/>
        <Type val="U"/>
        <LoadImmediate val="Y"/>
        <Comment val="This component provides an interface for the user to perform Range, Locate, Sort and Print Data.The component does not expose any object. It has logic units for handling the Range, Locate, Sort and Print Data internal events.The source code for this component is available in the Add_On\UserFunctionality directory, so you can customize the screens of the component as you wish."/>
        <CompId val="738976342-28670-18720-BFE77D42E"/>
        <MciFile val="E:\Magic_XPA\XPA48\Add_On\UserFunctionality\UserFunctionality.eci"/>
        <CABINET_FILE val="%EngineDir%Add_On\UserFunctionality\UserFunctionality.ecf"/>
      </Component>
      <Component id="2" name="UserFunctionality">
        <Description val="Handles the Range, Locate, Sort and Print Data internal events"/>
        <ComponentType val="Magic xpa"/>
        <Type val="U"/>
        <LoadImmediate val="Y"/>
        <Comment val="This component provides an interface for the user to perform Range, Locate, Sort and Print Data.The component does not expose any object. It has logic units for handling the Range, Locate, Sort and Print Data internal events.The source code for this component is available in the Add_On\UserFunctionality directory, so you can customize the screens of the component as you wish."/>
        <CompId val="738976342-28670-18720-BFE77D42E"/>
        <MciFile val="D:\XPA\MSE\XPA33d\Add_On\UserFunctionality\UserFunctionality.eci"/>
        <CABINET_FILE val="%EngineDir%Add_On\UserFunctionality\UserFunctionality.ecf"/>
      </Component>
      <Component id="3" name="UserFunctionality">
        <Description val="Handles the Range, Locate, Sort and Print Data internal events"/>
        <ComponentType val="Magic xpa"/>
        <Type val="U"/>
        <LoadImmediate val="Y"/>
        <Comment val="This component provides an interface for the user to perform Range, Locate, Sort and Print Data.The component does not expose any object. It has logic units for handling the Range, Locate, Sort and Print Data internal events.The source code for this component is available in the Add_On\UserFunctionality directory, so you can customize the screens of the component as you wish."/>
        <MciFile val="UserFunctionality.eci"/>
        <CABINET_FILE val="%EngineDir%Add_On\UserFunctionality\UserFunctionality.ecf"/>
      </Component>
      <Component id="4" name="UserFunctionality">
        <Description val="Handles the Range, Locate, Sort and Print Data internal events"/>
        <ComponentType val="Magic xpa"/>
        <Type val="U"/>
        <LoadImmediate val="Y"/>
        <Comment val="This component provides an interface for the user to perform Range, Locate, Sort and Print Data.The component does not expose any object. It has logic units for handling the Range, Locate, Sort and Print Data internal events.The source code for this component is available in the Add_On\UserFunctionality directory, so you can customize the screens of the component as you wish."/>
        <MciFile val="UserFunctionality.eci"/>
        <CABINET_FILE val="%EngineDir%Add_On\UserFunctionality\UserFunctionality.ecf"/>
      </Component>
      <Component id="5" name="UserFunctionality">
        <Description val="Handles the Range, Locate, Sort and Print Data internal events"/>
        <ComponentType val="Magic xpa"/>
        <Type val="U"/>
        <LoadImmediate val="Y"/>
        <Comment val="This component provides an interface for the user to perform Range, Locate, Sort and Print Data.The component does not expose any object. It has logic units for handling the Range, Locate, Sort and Print Data internal events.The source code for this component is available in the Add_On\UserFunctionality directory, so you can customize the screens of the component as you wish."/>
        <MciFile val="UserFunctionality.eci"/>
        <CABINET_FILE val="%EngineDir%Add_On\UserFunctionality\UserFunctionality.ecf"/>
      </Component>
      <Component id="6" name="UserFunctionality">
        <Description val="Handles the Range, Locate, Sort and Print Data internal events"/>
        <ComponentType val="Magic xpa"/>
        <Type val="U"/>
        <LoadImmediate val="Y"/>
        <Comment val="This component provides an interface for the user to perform Range, Locate, Sort and Print Data.The component does not expose any object. It has logic units for handling the Range, Locate, Sort and Print Data internal events.The source code for this component is available in the Add_On\UserFunctionality directory, so you can customize the screens of the component as you wish."/>
        <MciFile val="UserFunctionality.eci"/>
        <CABINET_FILE val="%EngineDir%Add_On\UserFunctionality\UserFunctionality.ecf"/>
      </Component>
      <Component id="7" name="UserFunctionality">
        <Description val="Handles the Range, Locate, Sort and Print Data internal events"/>
        <ComponentType val="Magic xpa"/>
        <Type val="U"/>
        <LoadImmediate val="Y"/>
        <Comment val="This component provides an interface for the user to perform Range, Locate, Sort and Print Data.The component does not expose any object. It has logic units for handling the Range, Locate, Sort and Print Data internal events.The source code for this component is available in the Add_On\UserFunctionality directory, so you can customize the screens of the component as you wish."/>
        <MciFile val="UserFunctionality.eci"/>
        <CABINET_FILE val="%EngineDir%Add_On\UserFunctionality\UserFunctionality.ecf"/>
      </Component>
      <Component id="8" name="System">
        <Description val="System"/>
        <ComponentType val=".NET"/>
        <Type val="D"/>
        <LoadImmediate val="Y"/>
        <AssemblyName val="System, Version=2.0.0.0, Culture=neutral, PublicKeyToken=b77a5c561934e089"/>
        <AssemblyPath val="C:\Windows\assembly\GAC_MSIL\System\2.0.0.0__b77a5c561934e089\System.dll"/>
        <UseSpecificVersion val="N"/>
        <isGuiThreadExecution val="N"/>
      </Component>
      <Component id="9" name="System.Windows.Forms">
        <Description val="System.Windows.Forms"/>
        <ComponentType val=".NET"/>
        <Type val="D"/>
        <LoadImmediate val="Y"/>
        <AssemblyName val="System.Windows.Forms, Version=2.0.0.0, Culture=neutral, PublicKeyToken=b77a5c561934e089"/>
        <AssemblyPath val="C:\Windows\assembly\GAC_MSIL\System.Windows.Forms\2.0.0.0__b77a5c561934e089\System.Windows.Forms.dll"/>
        <UseSpecificVersion val="N"/>
        <isGuiThreadExecution val="Y"/>
      </Component>
      <Component id="10" name="Syst">
        <Description val="System.Drawing"/>
        <ComponentType val=".NET"/>
        <Type val="D"/>
        <LoadImmediate val="Y"/>
        <AssemblyName val="System.Drawing, Version=2.0.0.0, Culture=neutral, PublicKeyToken=b03f5f7f11d50a3a"/>
        <AssemblyPath val="C:\Windows\assembly\GAC_MSIL\System.Drawing\2.0.0.0__b03f5f7f11d50a3a\System.Drawing.dll"/>
        <UseSpecificVersion val="N"/>
        <isGuiThreadExecution val="Y"/>
      </Component>
    </Components>
  </ComponentsRepository>

</Application>
