<?xml version="1.0" encoding="UTF-8" standalone="no" ?>
<Application>

  <Header>
    <Version val="14081.00"/>
    <WithIsn val="Y"/>
    <_InternalTask val="N"/>
    <IsRoot val="N"/>
    <InIndex val="N"/>
    <UniqueISNConvState val="12"/>
  </Header>

  <ProgramsRepository>
    <Programs>
      <Task MainProgram="N">
        <Header Description="Set User in Status" ISN_2="1" LastIsn="1" id="3">
          <ExecutionRight comp="-1"/>
          <Resident val="N"/>
          <SQL val="N"/>
          <ReturnValue>
            <ReturnValueAttr/>
            <ParametersAttributes/>
          </ReturnValue>
          <SqlWhereExist val="N"/>
          <TaskType val="O"/>
          <External val="N"/>
          <Offline val="N"/>
          <FormType val="N"/>
          <DotNetObjectExists val="N"/>
          <LastModified _date="736145" _time="45295" date="30/06/2016" time="12:34:55"/>
        </Header>
        <ItemIsn val="3"/>
        <Resource>
          <Columns>
            <Column id="1" name="UserName">
              <PropertyList model="FIELD">
                <Model attr_obj="FIELD_ALPHA" id="1"/>
                <Picture id="157" valUnicode="X20"/>
                <Size id="174" val="20"/>
                <UpdateStyle id="176" val="A"/>
                <_Flip id="194"/>
                <_FieldStyle id="276" val="1"/>
              </PropertyList>
            </Column>
            <Column id="2" name="PassWord">
              <PropertyList model="FIELD">
                <Model attr_obj="FIELD_ALPHA" id="1"/>
                <Picture id="157" valUnicode="X20"/>
                <StoredAs id="173" val="1"/>
                <Size id="174" val="20"/>
                <_Flip id="194"/>
              </PropertyList>
            </Column>
            <Column id="3" name="LoginSuccess">
              <PropertyList model="FIELD">
                <Model attr_obj="FIELD_LOGICAL" id="1"/>
                <_FieldStyle id="276" val="1"/>
              </PropertyList>
            </Column>
          </Columns>
        </Resource>
        <Information>
          <Key>
            <Mode val="N"/>
          </Key>
          <DB comp="-1"/>
          <Sort>
            <CLS val="A"/>
          </Sort>
          <ForceRecordDelete DEL="N"/>
          <EndTaskCondition val="N"/>
          <EvaluateEndCondition val="B"/>
          <InitialMode val="M"/>
          <Locate Direction="A"/>
          <Range Direction="A"/>
          <VarRange/>
          <TaskProperties>
            <SelectionTable val="N"/>
            <ConfirmUpdate CNFU="N"/>
            <ConfirmCancel val="N"/>
            <ErrorStrategy val="R"/>
            <LockingStrategy val="M"/>
            <CacheStrategy val="D"/>
            <ForceRecordSuffix val="N"/>
            <TransactionMode val="D"/>
            <TransactionBegin val="P"/>
            <PreloadView val="N"/>
            <AllowEmptyDataview val="N"/>
            <KeepCreatedContext val="N"/>
          </TaskProperties>
          <SIDE_WIN>
            <AllowOptions val="Y"/>
            <AllowQuery val="Y"/>
            <AllowModify val="Y"/>
            <AllowCreate val="Y"/>
            <AllowDelete val="Y"/>
            <AllowLocate val="Y"/>
            <AllowRange val="Y"/>
            <AllowIndexChange val="Y"/>
            <AllowSorting val="Y"/>
            <AllowIOFiles val="Y"/>
            <RecordCycle val="Y"/>
            <AllowEvents val="Y"/>
            <AllowIndexOptimization val="Y"/>
            <AllowLocationInQuery val="Y"/>
            <AllowPrintingData val="N"/>
          </SIDE_WIN>
          <WIN>
            <OpenTaskWindow val="Y"/>
            <CloseTaskWindow val="Y"/>
            <ForegroundWindow val="Y"/>
            <FlipFld val="N"/>
            <RefreshTaskWindow ReturnValue="N"/>
          </WIN>
          <BOX>
            <Direction val="V"/>
          </BOX>
        </Information>
        <TaskLogic>
          <LogicUnit id="2" propagate="78">
            <Level val="R"/>
            <Type val="M"/>
            <Scope val="S"/>
            <EngineDirective val="S"/>
            <ShowMessage val="Y"/>
            <Condition val="89"/>
            <Event>
              <EventType val="S"/>
            </Event>
            <LogicLines>
              <LogicLine>
                <DATAVIEW_SRC FlowIsn="2" Type="M">
                  <Condition val="N"/>
                  <Modifier val="B"/>
                  <Direction val="C"/>
                </DATAVIEW_SRC>
              </LogicLine>
              <LogicLine>
                <Select FieldID="1" FlowIsn="3" id="1">
                  <Column val="1"/>
                  <Type val="V"/>
                  <ExposedToRoute val="N"/>
                  <IsParameter val="N"/>
                  <_DitIndexForToolkit val="2"/>
                  <DIFF_UPDATE val="T"/>
                  <Condition val="Y"/>
                  <Modifier val="S"/>
                  <Direction val="C"/>
                </Select>
              </LogicLine>
              <LogicLine>
                <Select FieldID="2" FlowIsn="4" id="2">
                  <Column val="2"/>
                  <Type val="V"/>
                  <ExposedToRoute val="N"/>
                  <IsParameter val="N"/>
                  <_DitIndexForToolkit val="4"/>
                  <DIFF_UPDATE val="T"/>
                  <Condition val="Y"/>
                  <Modifier val="S"/>
                  <Direction val="C"/>
                </Select>
              </LogicLine>
              <LogicLine>
                <Select FieldID="3" FlowIsn="5" id="3">
                  <Column val="3"/>
                  <Type val="V"/>
                  <ExposedToRoute val="N"/>
                  <IsParameter val="N"/>
                  <DIFF_UPDATE val="T"/>
                  <Condition val="Y"/>
                  <Modifier val="S"/>
                  <Direction val="C"/>
                </Select>
              </LogicLine>
            </LogicLines>
          </LogicUnit>
          <LogicUnit id="3" propagate="78">
            <Level val="H"/>
            <Type val="U"/>
            <Scope val="S"/>
            <EngineDirective val="S"/>
            <ShowMessage val="Y"/>
            <Condition val="89"/>
            <Event>
              <EventType val="S"/>
              <KeyCombinationID val="61"/>
            </Event>
            <LogicLines>
              <LogicLine>
                <Update FlowIsn="6">
                  <FieldID val="3"/>
                  <WithValue val="3"/>
                  <Incremental val="N"/>
                  <ForcedUpdate val="Y"/>
                  <Condition val="Y"/>
                  <Modifier val="B"/>
                  <Direction val="C"/>
                </Update>
              </LogicLine>
              <LogicLine>
                <STP Buttons="O" DefaultButton="1" ERR_LOG_DEF_CHG="N" FlowIsn="7" IMG_DEF_CHG="N" Image="E" Mode="W" TTL_DEF_CHG="N" TXT="Invalid Logon User" TitleTxt="Warning" VR_DISP="B">
                  <AppendToErrorLog val="N"/>
                  <Condition Exp="1"/>
                  <Modifier val="B"/>
                  <Direction val="C"/>
                </STP>
              </LogicLine>
              <LogicLine>
                <RaiseEvent FlowIsn="8">
                  <Event>
                    <EventType val="U"/>
                    <Parent val="32768"/>
                    <PublicObject comp="-1" obj="2"/>
                  </Event>
                  <Wait val="89"/>
                  <Condition Exp="2"/>
                  <Modifier val="B"/>
                  <Direction val="C"/>
                </RaiseEvent>
              </LogicLine>
              <LogicLine>
                <RaiseEvent FlowIsn="9">
                  <Event>
                    <EventType val="U"/>
                    <Parent val="32768"/>
                    <PublicObject comp="-1" obj="1"/>
                  </Event>
                  <Wait val="89"/>
                  <Condition Exp="2"/>
                  <Modifier val="B"/>
                  <Direction val="C"/>
                </RaiseEvent>
              </LogicLine>
              <LogicLine>
                <Remark FlowIsn="10">
                  <Type val="2"/>
                  <Text val=" "/>
                </Remark>
              </LogicLine>
            </LogicLines>
          </LogicUnit>
          <LogicUnit id="4" propagate="78">
            <Level val="K"/>
            <Scope val="S"/>
            <EngineDirective val="S"/>
            <ShowMessage val="Y"/>
            <Condition val="89"/>
            <Event>
              <EventType val="S"/>
            </Event>
          </LogicUnit>
        </TaskLogic>
        <TaskForms>
          <FormEntry _last_isn="5" _last_test_id="20" id="1">
            <PropertyList model="FORM_GUI0">
              <Placement id="20"/>
              <BorderStyle id="64" val="2"/>
              <_Comment id="218"/>
              <FormName id="311" valUnicode="Set User in Status"/>
              <_TabbingOrder id="318" val="1"/>
            </PropertyList>
            <Control _test_id="17" id="1">
              <PropertyList model="CTRL_GUI0_STATIC">
                <Text id="19" valUnicode="UserName:"/>
                <X id="21" val="4"/>
                <Y id="22" val="8"/>
                <Width id="23" val="44"/>
                <Height id="24" val="9"/>
                <Font id="50" val="4"/>
                <Style id="63" val="7"/>
                <_Orientation id="143"/>
              </PropertyList>
            </Control>
            <Control _test_id="14" id="2">
              <PropertyList model="CTRL_GUI0_EDIT">
                <Model ID="MODEL_GUI_INT" id="1">
                  <Var FieldID="1"/>
                </Model>
                <X id="21" val="52"/>
                <Y id="22" val="8"/>
                <Width id="23" val="116"/>
                <Height id="24" val="10"/>
                <Data FieldID="1" id="43"/>
                <ControlName id="46" val="UserName"/>
                <MultiLineEdit id="71"/>
                <_Orientation id="143"/>
                <TabOrder id="314" val="1"/>
              </PropertyList>
            </Control>
            <Control _test_id="18" id="3">
              <PropertyList model="CTRL_GUI0_STATIC">
                <Text id="19" valUnicode="PassWord:"/>
                <X id="21" val="4"/>
                <Y id="22" val="26"/>
                <Width id="23" val="43"/>
                <Height id="24" val="9"/>
                <Font id="50" val="4"/>
                <Style id="63" val="7"/>
                <_Orientation id="143"/>
              </PropertyList>
            </Control>
            <Control _test_id="15" id="4">
              <PropertyList model="CTRL_GUI0_EDIT">
                <Model ID="MODEL_GUI_INT" id="1">
                  <Var FieldID="2"/>
                </Model>
                <X id="21" val="52"/>
                <Y id="22" val="26"/>
                <Width id="23" val="115"/>
                <Height id="24" val="10"/>
                <Data FieldID="2" id="43"/>
                <ControlName id="46" val="PassWord"/>
                <MultiLineEdit id="71"/>
                <PasswordEdit id="85" val="Y"/>
                <_Orientation id="143"/>
                <TabOrder id="314" val="2"/>
              </PropertyList>
            </Control>
            <Control PDOD="128" _test_id="20" id="5">
              <PropertyList model="CTRL_GUI0_PUSH_BUTTON">
                <X id="21" val="92"/>
                <Y id="22" val="80"/>
                <Width id="23" val="64"/>
                <Height id="24" val="14"/>
                <Format id="82" valUnicode="Login"/>
                <RaiseEvent id="234">
                  <EventType val="S"/>
                  <KeyCombinationID val="61"/>
                </RaiseEvent>
                <TabOrder id="314" val="3"/>
              </PropertyList>
            </Control>
          </FormEntry>
        </TaskForms>
        <Expressions>
          <Expression id="1">
            <ExpSyntax val="NOT ({0,3})"/>
            <ExpAttribute val="B"/>
          </Expression>
          <Expression id="2">
            <ExpSyntax val="{0,3}"/>
            <ExpAttribute val="B"/>
          </Expression>
          <Expression id="3">
            <ExpSyntax val="Logon(Trim({0,1}),Trim({0,2}))"/>
            <ExpAttribute val="B"/>
          </Expression>
        </Expressions>
        <EVNT DESC="MyZoom" FORCE_EXIT="E" id="1">
          <Event>
            <EventType val="I"/>
            <InternalEventID val="34"/>
          </Event>
        </EVNT>
      </Task>
    </Programs>
  </ProgramsRepository>

</Application>
