<?xml version="1.0" encoding="UTF-8" standalone="no" ?>
<Application>

  <Header>
    <Version val="14081.00"/>
    <WithIsn val="Y"/>
  </Header>

  <ProgramsRepositoryHeaders>
    <Program>
      <Header Description="Main Program" ISN_2="1" LastIsn="1" id="1">
        <Resident val="N"/>
        <SQL val="N"/>
        <ReturnValue>
          <ReturnValueAttr/>
          <ParametersAttributes/>
        </ReturnValue>
        <SqlWhereExist val="N"/>
        <TaskType val="B"/>
        <External val="N"/>
        <Offline val="N"/>
        <Closeopentasks val="N"/>
        <RunProjectAs val="O"/>
        <FormType val="N"/>
        <DotNetObjectExists val="Y"/>
        <ToBeMigrated val="Y"/>
        <LastModified _date="738272" _time="54606" date="27/04/2022" time="15:10:06"/>
      </Header>
      <SourceFileTimeStamp _date="738272" _time="34806" date="27/04/2022" time="09:40:06"/>
    </Program>
    <Program>
      <Header Description="Set User in Status" ISN_2="1" LastIsn="1" id="3">
        <ExecutionRight comp="-1"/>
        <Resident val="N"/>
        <SQL val="N"/>
        <ReturnValue>
          <ReturnValueAttr/>
          <ParametersAttributes/>
        </ReturnValue>
        <SqlWhereExist val="N"/>
        <TaskType val="O"/>
        <External val="N"/>
        <Offline val="N"/>
        <FormType val="N"/>
        <DotNetObjectExists val="N"/>
        <LastModified _date="736145" _time="45295" date="30/06/2016" time="12:34:55"/>
      </Header>
      <SourceFileTimeStamp _date="738272" _time="21027" date="27/04/2022" time="05:50:27"/>
    </Program>
  </ProgramsRepositoryHeaders>

</Application>
