<?xml version="1.0" encoding="UTF-8" standalone="no" ?>
<Application>

  <Header>
    <Version val="14081.00"/>
    <WithIsn val="Y"/>
    <LastIsn val="0"/>
  </Header>

  <ProjectProperties>
    <ProjectData>
      <GUID val="{37CAE8B1-11B3-4FE1-940C-C2B6DE2D16FD}"/>
      <RemoteFlowMonitorRight comp="-1"/>
      <NulArithmetic val="N"/>
      <WindowSortBy val="R"/>
      <_SystemPulldownMenu comp="-1"/>
      <_SystemContextMenu comp="-1"/>
      <ExposeComment val="N"/>
      <ProjectName val="MenuFontColor"/>
    </ProjectData>
  </ProjectProperties>

</Application>
